,keywords,number_of_times_word_appeared,tf,idf,tf_idf
0,cible,1,3.914353935882883e-05,2.302585092994046,9.013133021466497e-05
240,automatisation,1,3.914353935882883e-05,2.302585092994046,9.013133021466497e-05
453,comprend,1,3.914353935882883e-05,2.302585092994046,9.013133021466497e-05
452,relationnelles,1,3.914353935882883e-05,2.302585092994046,9.013133021466497e-05
451,ventuels,1,3.914353935882883e-05,2.302585092994046,9.013133021466497e-05
448,diplômé,1,3.914353935882883e-05,2.302585092994046,9.013133021466497e-05
441,connexion,1,3.914353935882883e-05,2.302585092994046,9.013133021466497e-05
439,capacités,1,3.914353935882883e-05,2.302585092994046,9.013133021466497e-05
437,ouvert,1,3.914353935882883e-05,2.302585092994046,9.013133021466497e-05
436,apply,1,3.914353935882883e-05,2.302585092994046,9.013133021466497e-05
429,grails,1,3.914353935882883e-05,2.302585092994046,9.013133021466497e-05
427,génération,1,3.914353935882883e-05,2.302585092994046,9.013133021466497e-05
424,meilleure,1,3.914353935882883e-05,2.302585092994046,9.013133021466497e-05
423,lettre,1,3.914353935882883e-05,2.302585092994046,9.013133021466497e-05
421,innovante,1,3.914353935882883e-05,2.302585092994046,9.013133021466497e-05
415,ajoutant,1,3.914353935882883e-05,2.302585092994046,9.013133021466497e-05
414,incidences,1,3.914353935882883e-05,2.302585092994046,9.013133021466497e-05
413,famille,1,3.914353935882883e-05,2.302585092994046,9.013133021466497e-05
411,telles,1,3.914353935882883e-05,2.302585092994046,9.013133021466497e-05
409,refonte,1,3.914353935882883e-05,2.302585092994046,9.013133021466497e-05
408,pérennité,1,3.914353935882883e-05,2.302585092994046,9.013133021466497e-05
406,double,1,3.914353935882883e-05,2.302585092994046,9.013133021466497e-05
403,architecture,1,3.914353935882883e-05,2.302585092994046,9.013133021466497e-05
402,toutes,1,3.914353935882883e-05,2.302585092994046,9.013133021466497e-05
399,province,1,3.914353935882883e-05,2.302585092994046,9.013133021466497e-05
398,algorithmes,1,3.914353935882883e-05,2.302585092994046,9.013133021466497e-05
395,infrastructures,1,3.914353935882883e-05,2.302585092994046,9.013133021466497e-05
394,couchdb,1,3.914353935882883e-05,2.302585092994046,9.013133021466497e-05
390,envergure,1,3.914353935882883e-05,2.302585092994046,9.013133021466497e-05
454,preuve,1,3.914353935882883e-05,2.302585092994046,9.013133021466497e-05
455,agricoles,1,3.914353935882883e-05,2.302585092994046,9.013133021466497e-05
459,organisations,1,3.914353935882883e-05,2.302585092994046,9.013133021466497e-05
500,supérieure,1,3.914353935882883e-05,2.302585092994046,9.013133021466497e-05
524,source,1,3.914353935882883e-05,2.302585092994046,9.013133021466497e-05
523,android,1,3.914353935882883e-05,2.302585092994046,9.013133021466497e-05
521,entités,1,3.914353935882883e-05,2.302585092994046,9.013133021466497e-05
520,excellent,1,3.914353935882883e-05,2.302585092994046,9.013133021466497e-05
517,certains,1,3.914353935882883e-05,2.302585092994046,9.013133021466497e-05
515,développées,1,3.914353935882883e-05,2.302585092994046,9.013133021466497e-05
513,mapreduce,1,3.914353935882883e-05,2.302585092994046,9.013133021466497e-05
511,image,1,3.914353935882883e-05,2.302585092994046,9.013133021466497e-05
510,diplôme,1,3.914353935882883e-05,2.302585092994046,9.013133021466497e-05
509,intervenir,1,3.914353935882883e-05,2.302585092994046,9.013133021466497e-05
506,quipements,1,3.914353935882883e-05,2.302585092994046,9.013133021466497e-05
505,situation,1,3.914353935882883e-05,2.302585092994046,9.013133021466497e-05
499,représenter,1,3.914353935882883e-05,2.302585092994046,9.013133021466497e-05
460,initiative,1,3.914353935882883e-05,2.302585092994046,9.013133021466497e-05
495,pilotable,1,3.914353935882883e-05,2.302585092994046,9.013133021466497e-05
491,date,1,3.914353935882883e-05,2.302585092994046,9.013133021466497e-05
488,processus,1,3.914353935882883e-05,2.302585092994046,9.013133021466497e-05
487,physique,1,3.914353935882883e-05,2.302585092994046,9.013133021466497e-05
481,répartiteurs,1,3.914353935882883e-05,2.302585092994046,9.013133021466497e-05
480,ihm,1,3.914353935882883e-05,2.302585092994046,9.013133021466497e-05
479,aptitude,1,3.914353935882883e-05,2.302585092994046,9.013133021466497e-05
477,laissent,1,3.914353935882883e-05,2.302585092994046,9.013133021466497e-05
476,spring,1,3.914353935882883e-05,2.302585092994046,9.013133021466497e-05
474,exploitables,1,3.914353935882883e-05,2.302585092994046,9.013133021466497e-05
467,inscrit,1,3.914353935882883e-05,2.302585092994046,9.013133021466497e-05
465,animation,1,3.914353935882883e-05,2.302585092994046,9.013133021466497e-05
387,tactiles,1,3.914353935882883e-05,2.302585092994046,9.013133021466497e-05
383,accompagner,1,3.914353935882883e-05,2.302585092994046,9.013133021466497e-05
375,mutations,1,3.914353935882883e-05,2.302585092994046,9.013133021466497e-05
274,comptable,1,3.914353935882883e-05,2.302585092994046,9.013133021466497e-05
312,bilan,1,3.914353935882883e-05,2.302585092994046,9.013133021466497e-05
309,interfaces,1,3.914353935882883e-05,2.302585092994046,9.013133021466497e-05
303,mysql,1,3.914353935882883e-05,2.302585092994046,9.013133021466497e-05
302,création,1,3.914353935882883e-05,2.302585092994046,9.013133021466497e-05
299,protocole,1,3.914353935882883e-05,2.302585092994046,9.013133021466497e-05
294,conque,1,3.914353935882883e-05,2.302585092994046,9.013133021466497e-05
292,chain,1,3.914353935882883e-05,2.302585092994046,9.013133021466497e-05
288,chéant,1,3.914353935882883e-05,2.302585092994046,9.013133021466497e-05
280,flexibilité,1,3.914353935882883e-05,2.302585092994046,9.013133021466497e-05
278,relations,1,3.914353935882883e-05,2.302585092994046,9.013133021466497e-05
276,delivery,1,3.914353935882883e-05,2.302585092994046,9.013133021466497e-05
275,implémentées,1,3.914353935882883e-05,2.302585092994046,9.013133021466497e-05
273,scenarios,1,3.914353935882883e-05,2.302585092994046,9.013133021466497e-05
315,complexes,1,3.914353935882883e-05,2.302585092994046,9.013133021466497e-05
272,ponctuellement,1,3.914353935882883e-05,2.302585092994046,9.013133021466497e-05
266,j2e,1,3.914353935882883e-05,2.302585092994046,9.013133021466497e-05
265,hiérarchique,1,3.914353935882883e-05,2.302585092994046,9.013133021466497e-05
263,software,1,3.914353935882883e-05,2.302585092994046,9.013133021466497e-05
260,bagnolet,1,3.914353935882883e-05,2.302585092994046,9.013133021466497e-05
259,clouds,1,3.914353935882883e-05,2.302585092994046,9.013133021466497e-05
253,kworld,1,3.914353935882883e-05,2.302585092994046,9.013133021466497e-05
251,qos,1,3.914353935882883e-05,2.302585092994046,9.013133021466497e-05
250,basé,1,3.914353935882883e-05,2.302585092994046,9.013133021466497e-05
249,practice,1,3.914353935882883e-05,2.302585092994046,9.013133021466497e-05
248,frontend,1,3.914353935882883e-05,2.302585092994046,9.013133021466497e-05
247,proposée,1,3.914353935882883e-05,2.302585092994046,9.013133021466497e-05
314,aspects,1,3.914353935882883e-05,2.302585092994046,9.013133021466497e-05
318,memory,1,3.914353935882883e-05,2.302585092994046,9.013133021466497e-05
373,connectés,1,3.914353935882883e-05,2.302585092994046,9.013133021466497e-05
349,bénéficiaires,1,3.914353935882883e-05,2.302585092994046,9.013133021466497e-05
371,prévoir,1,3.914353935882883e-05,2.302585092994046,9.013133021466497e-05
370,détaillées,1,3.914353935882883e-05,2.302585092994046,9.013133021466497e-05
369,guice,1,3.914353935882883e-05,2.302585092994046,9.013133021466497e-05
366,alertes,1,3.914353935882883e-05,2.302585092994046,9.013133021466497e-05
365,purement,1,3.914353935882883e-05,2.302585092994046,9.013133021466497e-05
359,réussie,1,3.914353935882883e-05,2.302585092994046,9.013133021466497e-05
358,intégrera,1,3.914353935882883e-05,2.302585092994046,9.013133021466497e-05
357,progressivement,1,3.914353935882883e-05,2.302585092994046,9.013133021466497e-05
355,organisme,1,3.914353935882883e-05,2.302585092994046,9.013133021466497e-05
354,partenaires,1,3.914353935882883e-05,2.302585092994046,9.013133021466497e-05
352,complémentaire,1,3.914353935882883e-05,2.302585092994046,9.013133021466497e-05
350,redis,1,3.914353935882883e-05,2.302585092994046,9.013133021466497e-05
348,puis,1,3.914353935882883e-05,2.302585092994046,9.013133021466497e-05
321,jenkins,1,3.914353935882883e-05,2.302585092994046,9.013133021466497e-05
347,pertinent,1,3.914353935882883e-05,2.302585092994046,9.013133021466497e-05
344,cellule,1,3.914353935882883e-05,2.302585092994046,9.013133021466497e-05
341,universitaire,1,3.914353935882883e-05,2.302585092994046,9.013133021466497e-05
340,permettra,1,3.914353935882883e-05,2.302585092994046,9.013133021466497e-05
338,remontée,1,3.914353935882883e-05,2.302585092994046,9.013133021466497e-05
333,légale,1,3.914353935882883e-05,2.302585092994046,9.013133021466497e-05
332,international,1,3.914353935882883e-05,2.302585092994046,9.013133021466497e-05
329,descf,1,3.914353935882883e-05,2.302585092994046,9.013133021466497e-05
328,quivalent,1,3.914353935882883e-05,2.302585092994046,9.013133021466497e-05
326,approfondie,1,3.914353935882883e-05,2.302585092994046,9.013133021466497e-05
324,aimez,1,3.914353935882883e-05,2.302585092994046,9.013133021466497e-05
323,biais,1,3.914353935882883e-05,2.302585092994046,9.013133021466497e-05
526,mstcf,1,3.914353935882883e-05,2.302585092994046,9.013133021466497e-05
532,retraite,1,3.914353935882883e-05,2.302585092994046,9.013133021466497e-05
533,candidats,1,3.914353935882883e-05,2.302585092994046,9.013133021466497e-05
709,pcmo,1,3.914353935882883e-05,2.302585092994046,9.013133021466497e-05
730,caractéristiques,1,3.914353935882883e-05,2.302585092994046,9.013133021466497e-05
729,tablette,1,3.914353935882883e-05,2.302585092994046,9.013133021466497e-05
727,contraintes,1,3.914353935882883e-05,2.302585092994046,9.013133021466497e-05
724,cahier,1,3.914353935882883e-05,2.302585092994046,9.013133021466497e-05
721,sonar,1,3.914353935882883e-05,2.302585092994046,9.013133021466497e-05
720,tablir,1,3.914353935882883e-05,2.302585092994046,9.013133021466497e-05
717,autours,1,3.914353935882883e-05,2.302585092994046,9.013133021466497e-05
715,profession,1,3.914353935882883e-05,2.302585092994046,9.013133021466497e-05
714,studio,1,3.914353935882883e-05,2.302585092994046,9.013133021466497e-05
713,ailleurs,1,3.914353935882883e-05,2.302585092994046,9.013133021466497e-05
711,quelques,1,3.914353935882883e-05,2.302585092994046,9.013133021466497e-05
710,anticipation,1,3.914353935882883e-05,2.302585092994046,9.013133021466497e-05
708,superviser,1,3.914353935882883e-05,2.302585092994046,9.013133021466497e-05
733,sharding,1,3.914353935882883e-05,2.302585092994046,9.013133021466497e-05
706,limitations,1,3.914353935882883e-05,2.302585092994046,9.013133021466497e-05
705,implémenter,1,3.914353935882883e-05,2.302585092994046,9.013133021466497e-05
703,websockets,1,3.914353935882883e-05,2.302585092994046,9.013133021466497e-05
698,enjeux,1,3.914353935882883e-05,2.302585092994046,9.013133021466497e-05
694,tomcat,1,3.914353935882883e-05,2.302585092994046,9.013133021466497e-05
686,statistiques,1,3.914353935882883e-05,2.302585092994046,9.013133021466497e-05
685,gère,1,3.914353935882883e-05,2.302585092994046,9.013133021466497e-05
680,suivantes,1,3.914353935882883e-05,2.302585092994046,9.013133021466497e-05
678,pme,1,3.914353935882883e-05,2.302585092994046,9.013133021466497e-05
677,appliqué,1,3.914353935882883e-05,2.302585092994046,9.013133021466497e-05
674,virtuels,1,3.914353935882883e-05,2.302585092994046,9.013133021466497e-05
670,dms,1,3.914353935882883e-05,2.302585092994046,9.013133021466497e-05
731,développements,1,3.914353935882883e-05,2.302585092994046,9.013133021466497e-05
739,responsable,1,3.914353935882883e-05,2.302585092994046,9.013133021466497e-05
663,hadoop,1,3.914353935882883e-05,2.302585092994046,9.013133021466497e-05
768,concepteurs,1,3.914353935882883e-05,2.302585092994046,9.013133021466497e-05
798,paramétrage,1,3.914353935882883e-05,2.302585092994046,9.013133021466497e-05
797,partie,1,3.914353935882883e-05,2.302585092994046,9.013133021466497e-05
795,server,1,3.914353935882883e-05,2.302585092994046,9.013133021466497e-05
792,conformes,1,3.914353935882883e-05,2.302585092994046,9.013133021466497e-05
791,aws,1,3.914353935882883e-05,2.302585092994046,9.013133021466497e-05
786,dossier,1,3.914353935882883e-05,2.302585092994046,9.013133021466497e-05
784,ec2,1,3.914353935882883e-05,2.302585092994046,9.013133021466497e-05
782,stagiaireskpmg,1,3.914353935882883e-05,2.302585092994046,9.013133021466497e-05
780,réutilisabilité,1,3.914353935882883e-05,2.302585092994046,9.013133021466497e-05
779,graphique,1,3.914353935882883e-05,2.302585092994046,9.013133021466497e-05
774,bien,1,3.914353935882883e-05,2.302585092994046,9.013133021466497e-05
770,réponse,1,3.914353935882883e-05,2.302585092994046,9.013133021466497e-05
765,mémoire,1,3.914353935882883e-05,2.302585092994046,9.013133021466497e-05
741,charges,1,3.914353935882883e-05,2.302585092994046,9.013133021466497e-05
764,milliards,1,3.914353935882883e-05,2.302585092994046,9.013133021466497e-05
758,tenant,1,3.914353935882883e-05,2.302585092994046,9.013133021466497e-05
755,search,1,3.914353935882883e-05,2.302585092994046,9.013133021466497e-05
753,caisses,1,3.914353935882883e-05,2.302585092994046,9.013133021466497e-05
752,apporter,1,3.914353935882883e-05,2.302585092994046,9.013133021466497e-05
750,storm,1,3.914353935882883e-05,2.302585092994046,9.013133021466497e-05
749,destination,1,3.914353935882883e-05,2.302585092994046,9.013133021466497e-05
748,près,1,3.914353935882883e-05,2.302585092994046,9.013133021466497e-05
747,exploitants,1,3.914353935882883e-05,2.302585092994046,9.013133021466497e-05
746,mesure,1,3.914353935882883e-05,2.302585092994046,9.013133021466497e-05
743,exécuter,1,3.914353935882883e-05,2.302585092994046,9.013133021466497e-05
742,droit,1,3.914353935882883e-05,2.302585092994046,9.013133021466497e-05
666,concluant,1,3.914353935882883e-05,2.302585092994046,9.013133021466497e-05
661,cv,1,3.914353935882883e-05,2.302585092994046,9.013133021466497e-05
534,json,1,3.914353935882883e-05,2.302585092994046,9.013133021466497e-05
563,organisationnelles,1,3.914353935882883e-05,2.302585092994046,9.013133021466497e-05
589,vue,1,3.914353935882883e-05,2.302585092994046,9.013133021466497e-05
586,assitance,1,3.914353935882883e-05,2.302585092994046,9.013133021466497e-05
582,capistrano,1,3.914353935882883e-05,2.302585092994046,9.013133021466497e-05
579,acteurs,1,3.914353935882883e-05,2.302585092994046,9.013133021466497e-05
578,iaas,1,3.914353935882883e-05,2.302585092994046,9.013133021466497e-05
573,multiposting,1,3.914353935882883e-05,2.302585092994046,9.013133021466497e-05
572,intranet,1,3.914353935882883e-05,2.302585092994046,9.013133021466497e-05
570,engager,1,3.914353935882883e-05,2.302585092994046,9.013133021466497e-05
569,etudier,1,3.914353935882883e-05,2.302585092994046,9.013133021466497e-05
566,attendez,1,3.914353935882883e-05,2.302585092994046,9.013133021466497e-05
565,juju,1,3.914353935882883e-05,2.302585092994046,9.013133021466497e-05
564,cosystème,1,3.914353935882883e-05,2.302585092994046,9.013133021466497e-05
559,indoor,1,3.914353935882883e-05,2.302585092994046,9.013133021466497e-05
599,suivi,1,3.914353935882883e-05,2.302585092994046,9.013133021466497e-05
554,sécurisation,1,3.914353935882883e-05,2.302585092994046,9.013133021466497e-05
552,elastic,1,3.914353935882883e-05,2.302585092994046,9.013133021466497e-05
551,mailto,1,3.914353935882883e-05,2.302585092994046,9.013133021466497e-05
550,accessibles,1,3.914353935882883e-05,2.302585092994046,9.013133021466497e-05
548,ainsi,1,3.914353935882883e-05,2.302585092994046,9.013133021466497e-05
547,besoins,1,3.914353935882883e-05,2.302585092994046,9.013133021466497e-05
545,abouti,1,3.914353935882883e-05,2.302585092994046,9.013133021466497e-05
542,css3,1,3.914353935882883e-05,2.302585092994046,9.013133021466497e-05
539,cotisations,1,3.914353935882883e-05,2.302585092994046,9.013133021466497e-05
538,complète,1,3.914353935882883e-05,2.302585092994046,9.013133021466497e-05
536,laboration,1,3.914353935882883e-05,2.302585092994046,9.013133021466497e-05
535,développés,1,3.914353935882883e-05,2.302585092994046,9.013133021466497e-05
596,rackspace,1,3.914353935882883e-05,2.302585092994046,9.013133021466497e-05
600,doivent,1,3.914353935882883e-05,2.302585092994046,9.013133021466497e-05
659,planification,1,3.914353935882883e-05,2.302585092994046,9.013133021466497e-05
631,tranger,1,3.914353935882883e-05,2.302585092994046,9.013133021466497e-05
656,viendra,1,3.914353935882883e-05,2.302585092994046,9.013133021466497e-05
655,pmi,1,3.914353935882883e-05,2.302585092994046,9.013133021466497e-05
653,vivre,1,3.914353935882883e-05,2.302585092994046,9.013133021466497e-05
652,métiers,1,3.914353935882883e-05,2.302585092994046,9.013133021466497e-05
650,embarqué,1,3.914353935882883e-05,2.302585092994046,9.013133021466497e-05
649,devices,1,3.914353935882883e-05,2.302585092994046,9.013133021466497e-05
646,changement,1,3.914353935882883e-05,2.302585092994046,9.013133021466497e-05
643,processing,1,3.914353935882883e-05,2.302585092994046,9.013133021466497e-05
642,rurale,1,3.914353935882883e-05,2.302585092994046,9.013133021466497e-05
640,simple,1,3.914353935882883e-05,2.302585092994046,9.013133021466497e-05
639,croissante,1,3.914353935882883e-05,2.302585092994046,9.013133021466497e-05
634,vmware,1,3.914353935882883e-05,2.302585092994046,9.013133021466497e-05
630,génériques,1,3.914353935882883e-05,2.302585092994046,9.013133021466497e-05
602,barres,1,3.914353935882883e-05,2.302585092994046,9.013133021466497e-05
621,obtenir,1,3.914353935882883e-05,2.302585092994046,9.013133021466497e-05
619,gales,1,3.914353935882883e-05,2.302585092994046,9.013133021466497e-05
617,visual,1,3.914353935882883e-05,2.302585092994046,9.013133021466497e-05
616,devra,1,3.914353935882883e-05,2.302585092994046,9.013133021466497e-05
615,miage,1,3.914353935882883e-05,2.302585092994046,9.013133021466497e-05
614,appréhension,1,3.914353935882883e-05,2.302585092994046,9.013133021466497e-05
613,logement,1,3.914353935882883e-05,2.302585092994046,9.013133021466497e-05
612,panorama,1,3.914353935882883e-05,2.302585092994046,9.013133021466497e-05
611,concernées,1,3.914353935882883e-05,2.302585092994046,9.013133021466497e-05
608,unitaires,1,3.914353935882883e-05,2.302585092994046,9.013133021466497e-05
605,multimédia,1,3.914353935882883e-05,2.302585092994046,9.013133021466497e-05
603,entrevoir,1,3.914353935882883e-05,2.302585092994046,9.013133021466497e-05
241,routage,1,3.914353935882883e-05,2.302585092994046,9.013133021466497e-05
799,vidéos,1,3.914353935882883e-05,2.302585092994046,9.013133021466497e-05
239,rejoindre,1,3.914353935882883e-05,2.302585092994046,9.013133021466497e-05
66,voix,1,3.914353935882883e-05,2.302585092994046,9.013133021466497e-05
181,opengl,1,3.914353935882883e-05,2.302585092994046,9.013133021466497e-05
57,best,1,3.914353935882883e-05,2.302585092994046,9.013133021466497e-05
121,public,1,3.914353935882883e-05,2.302585092994046,9.013133021466497e-05
178,propositions,1,3.914353935882883e-05,2.302585092994046,9.013133021466497e-05
63,amazon,1,3.914353935882883e-05,2.302585092994046,9.013133021466497e-05
172,assujettissement,1,3.914353935882883e-05,2.302585092994046,9.013133021466497e-05
64,jobs,1,3.914353935882883e-05,2.302585092994046,9.013133021466497e-05
169,stratégie,1,3.914353935882883e-05,2.302585092994046,9.013133021466497e-05
35,répartis,1,3.914353935882883e-05,2.302585092994046,9.013133021466497e-05
168,manufacturing,1,3.914353935882883e-05,2.302585092994046,9.013133021466497e-05
167,santé,1,3.914353935882883e-05,2.302585092994046,9.013133021466497e-05
166,franonymous,1,3.914353935882883e-05,2.302585092994046,9.013133021466497e-05
165,chargé,1,3.914353935882883e-05,2.302585092994046,9.013133021466497e-05
71,participez,1,3.914353935882883e-05,2.302585092994046,9.013133021466497e-05
162,anglais,1,3.914353935882883e-05,2.302585092994046,9.013133021466497e-05
74,mans_,1,3.914353935882883e-05,2.302585092994046,9.013133021466497e-05
54,osgi,1,3.914353935882883e-05,2.302585092994046,9.013133021466497e-05
182,effervescence,1,3.914353935882883e-05,2.302585092994046,9.013133021466497e-05
183,coûts,1,3.914353935882883e-05,2.302585092994046,9.013133021466497e-05
53,créativité,1,3.914353935882883e-05,2.302585092994046,9.013133021466497e-05
208,achats,1,3.914353935882883e-05,2.302585092994046,9.013133021466497e-05
36,enseigne,1,3.914353935882883e-05,2.302585092994046,9.013133021466497e-05
37,gnu,1,3.914353935882883e-05,2.302585092994046,9.013133021466497e-05
203,rédiger,1,3.914353935882883e-05,2.302585092994046,9.013133021466497e-05
202,supply,1,3.914353935882883e-05,2.302585092994046,9.013133021466497e-05
38,supervision,1,3.914353935882883e-05,2.302585092994046,9.013133021466497e-05
39,alternance,1,3.914353935882883e-05,2.302585092994046,9.013133021466497e-05
42,réalisera,1,3.914353935882883e-05,2.302585092994046,9.013133021466497e-05
44,justifiez,1,3.914353935882883e-05,2.302585092994046,9.013133021466497e-05
200,objets,1,3.914353935882883e-05,2.302585092994046,9.013133021466497e-05
49,versées,1,3.914353935882883e-05,2.302585092994046,9.013133021466497e-05
194,promotions,1,3.914353935882883e-05,2.302585092994046,9.013133021466497e-05
188,cdfeengine,1,3.914353935882883e-05,2.302585092994046,9.013133021466497e-05
51,conclusions,1,3.914353935882883e-05,2.302585092994046,9.013133021466497e-05
187,disposant,1,3.914353935882883e-05,2.302585092994046,9.013133021466497e-05
160,mutualité,1,3.914353935882883e-05,2.302585092994046,9.013133021466497e-05
76,flow,1,3.914353935882883e-05,2.302585092994046,9.013133021466497e-05
77,déposer,1,3.914353935882883e-05,2.302585092994046,9.013133021466497e-05
105,sociaux,1,3.914353935882883e-05,2.302585092994046,9.013133021466497e-05
106,navigation,1,3.914353935882883e-05,2.302585092994046,9.013133021466497e-05
135,logiciel,1,3.914353935882883e-05,2.302585092994046,9.013133021466497e-05
134,haproxy,1,3.914353935882883e-05,2.302585092994046,9.013133021466497e-05
110,pilotage,1,3.914353935882883e-05,2.302585092994046,9.013133021466497e-05
111,minimum,1,3.914353935882883e-05,2.302585092994046,9.013133021466497e-05
133,considérer,1,3.914353935882883e-05,2.302585092994046,9.013133021466497e-05
132,démonstrations,1,3.914353935882883e-05,2.302585092994046,9.013133021466497e-05
131,appuiera,1,3.914353935882883e-05,2.302585092994046,9.013133021466497e-05
112,livrés,1,3.914353935882883e-05,2.302585092994046,9.013133021466497e-05
129,identifiés,1,3.914353935882883e-05,2.302585092994046,9.013133021466497e-05
126,relatifs,1,3.914353935882883e-05,2.302585092994046,9.013133021466497e-05
116,processeur,1,3.914353935882883e-05,2.302585092994046,9.013133021466497e-05
124,tâches,1,3.914353935882883e-05,2.302585092994046,9.013133021466497e-05
123,openstack,1,3.914353935882883e-05,2.302585092994046,9.013133021466497e-05
122,utilisatrices,1,3.914353935882883e-05,2.302585092994046,9.013133021466497e-05
137,côté,1,3.914353935882883e-05,2.302585092994046,9.013133021466497e-05
140,centrale,1,3.914353935882883e-05,2.302585092994046,9.013133021466497e-05
159,database,1,3.914353935882883e-05,2.302585092994046,9.013133021466497e-05
99,courte,1,3.914353935882883e-05,2.302585092994046,9.013133021466497e-05
78,reporting,1,3.914353935882883e-05,2.302585092994046,9.013133021466497e-05
157,agrémenter,1,3.914353935882883e-05,2.302585092994046,9.013133021466497e-05
156,doté,1,3.914353935882883e-05,2.302585092994046,9.013133021466497e-05
83,exécutées,1,3.914353935882883e-05,2.302585092994046,9.013133021466497e-05
85,prestations,1,3.914353935882883e-05,2.302585092994046,9.013133021466497e-05
155,coté,1,3.914353935882883e-05,2.302585092994046,9.013133021466497e-05
86,cfengine,1,3.914353935882883e-05,2.302585092994046,9.013133021466497e-05
87,commissariat,1,3.914353935882883e-05,2.302585092994046,9.013133021466497e-05
88,principalement,1,3.914353935882883e-05,2.302585092994046,9.013133021466497e-05
151,agiles,1,3.914353935882883e-05,2.302585092994046,9.013133021466497e-05
150,référence,1,3.914353935882883e-05,2.302585092994046,9.013133021466497e-05
91,portabilité,1,3.914353935882883e-05,2.302585092994046,9.013133021466497e-05
147,lemans,1,3.914353935882883e-05,2.302585092994046,9.013133021466497e-05
97,msg,1,3.914353935882883e-05,2.302585092994046,9.013133021466497e-05
98,refacturation,1,3.914353935882883e-05,2.302585092994046,9.013133021466497e-05
209,comptes,1,3.914353935882883e-05,2.302585092994046,9.013133021466497e-05
58,kpmgrecrute,1,3.914353935882883e-05,2.302585092994046,9.013133021466497e-05
120,participer,1,3.914353935882883e-05,2.302585092994046,9.013133021466497e-05
232,conduite,1,3.914353935882883e-05,2.302585092994046,9.013133021466497e-05
6,handicap,1,3.914353935882883e-05,2.302585092994046,9.013133021466497e-05
22,mobile,1,3.914353935882883e-05,2.302585092994046,9.013133021466497e-05
227,defined,1,3.914353935882883e-05,2.302585092994046,9.013133021466497e-05
219,leader,1,3.914353935882883e-05,2.302585092994046,9.013133021466497e-05
13,années,1,3.914353935882883e-05,2.302585092994046,9.013133021466497e-05
11,framework,1,3.914353935882883e-05,2.302585092994046,9.013133021466497e-05
10,tudierez,1,3.914353935882883e-05,2.302585092994046,9.013133021466497e-05
215,maîtrisez,1,3.914353935882883e-05,2.302585092994046,9.013133021466497e-05
231,retenues,1,3.914353935882883e-05,2.302585092994046,9.013133021466497e-05
5,produire,1,3.914353935882883e-05,2.302585092994046,9.013133021466497e-05
216,containers,1,3.914353935882883e-05,2.302585092994046,9.013133021466497e-05
8,recherché,1,3.914353935882883e-05,2.302585092994046,9.013133021466497e-05
26,qualifier,1,3.914353935882883e-05,2.302585092994046,9.013133021466497e-05
217,entreprenant,1,3.914353935882883e-05,2.302585092994046,9.013133021466497e-05
230,orienté,1,3.914353935882883e-05,2.302585092994046,9.013133021466497e-05
229,support,1,3.914353935882883e-05,2.302585092994046,9.013133021466497e-05
25,approches,1,3.914353935882883e-05,2.302585092994046,9.013133021466497e-05
9,hbase,1,3.914353935882883e-05,2.302585092994046,9.013133021466497e-05
233,attendons,1,3.914353935882883e-05,2.302585092994046,9.013133021466497e-05
23,vuforia,1,3.914353935882883e-05,2.302585092994046,9.013133021466497e-05
221,transformations,1,3.914353935882883e-05,2.302585092994046,9.013133021466497e-05
224,http,1,3.914353935882883e-05,2.302585092994046,9.013133021466497e-05
17,benchmark,1,3.914353935882883e-05,2.302585092994046,9.013133021466497e-05
213,millions,1,3.914353935882883e-05,2.302585092994046,9.013133021466497e-05
4,futurs,1,3.914353935882883e-05,2.302585092994046,9.013133021466497e-05
223,libre,1,3.914353935882883e-05,2.302585092994046,9.013133021466497e-05
33,aider,1,3.914353935882883e-05,2.302585092994046,9.013133021466497e-05
32,dynamique,1,3.914353935882883e-05,2.302585092994046,9.013133021466497e-05
212,motivation,1,3.914353935882883e-05,2.302585092994046,9.013133021466497e-05
30,existantes,1,3.914353935882883e-05,2.302585092994046,9.013133021466497e-05
236,configuration,1,3.914353935882883e-05,2.302585092994046,9.013133021466497e-05
15,sélectionnés,1,3.914353935882883e-05,2.302585092994046,9.013133021466497e-05
462,contribuer,2,7.828707871765765e-05,1.6094379124341003,0.000125998192541911
628,analytics,2,7.828707871765765e-05,1.6094379124341003,0.000125998192541911
626,salariés,2,7.828707871765765e-05,1.6094379124341003,0.000125998192541911
597,rédactionnelles,2,7.828707871765765e-05,1.6094379124341003,0.000125998192541911
593,fonctionnalités,2,7.828707871765765e-05,1.6094379124341003,0.000125998192541911
766,codes,2,7.828707871765765e-05,1.6094379124341003,0.000125998192541911
632,nao,2,7.828707871765765e-05,1.6094379124341003,0.000125998192541911
148,conception,2,7.828707871765765e-05,1.6094379124341003,0.000125998192541911
149,validation,2,7.828707871765765e-05,1.6094379124341003,0.000125998192541911
458,bigdata,2,7.828707871765765e-05,1.6094379124341003,0.000125998192541911
225,concepts,2,7.828707871765765e-05,1.6094379124341003,0.000125998192541911
618,cycle,2,7.828707871765765e-05,1.6094379124341003,0.000125998192541911
598,métrologie,2,7.828707871765765e-05,1.6094379124341003,0.000125998192541911
89,qualification,2,7.828707871765765e-05,1.6094379124341003,0.000125998192541911
14,debian,2,7.828707871765765e-05,1.6094379124341003,0.000125998192541911
226,occasion,2,7.828707871765765e-05,1.6094379124341003,0.000125998192541911
776,déplacements,2,7.828707871765765e-05,1.6094379124341003,0.000125998192541911
772,pc,2,7.828707871765765e-05,1.6094379124341003,0.000125998192541911
604,contrat,2,7.828707871765765e-05,1.6094379124341003,0.000125998192541911
771,liés,2,7.828707871765765e-05,1.6094379124341003,0.000125998192541911
606,commerce,2,7.828707871765765e-05,1.6094379124341003,0.000125998192541911
590,coordination,2,7.828707871765765e-05,1.6094379124341003,0.000125998192541911
609,optimisation,2,7.828707871765765e-05,1.6094379124341003,0.000125998192541911
440,informations,2,7.828707871765765e-05,1.6094379124341003,0.000125998192541911
610,informatiques,2,7.828707871765765e-05,1.6094379124341003,0.000125998192541911
84,niveau,2,7.828707871765765e-05,1.6094379124341003,0.000125998192541911
466,ubuntu,2,7.828707871765765e-05,1.6094379124341003,0.000125998192541911
262,risques,2,7.828707871765765e-05,1.6094379124341003,0.000125998192541911
92,maturité,2,7.828707871765765e-05,1.6094379124341003,0.000125998192541911
544,technologique,2,7.828707871765765e-05,1.6094379124341003,0.000125998192541911
549,carrière,2,7.828707871765765e-05,1.6094379124341003,0.000125998192541911
255,angularjs,2,7.828707871765765e-05,1.6094379124341003,0.000125998192541911
503,apache,2,7.828707871765765e-05,1.6094379124341003,0.000125998192541911
504,ouvrage,2,7.828707871765765e-05,1.6094379124341003,0.000125998192541911
252,continuity,2,7.828707871765765e-05,1.6094379124341003,0.000125998192541911
507,ateliers,2,7.828707871765765e-05,1.6094379124341003,0.000125998192541911
235,shinken,2,7.828707871765765e-05,1.6094379124341003,0.000125998192541911
793,accéder,2,7.828707871765765e-05,1.6094379124341003,0.000125998192541911
543,caisse,2,7.828707871765765e-05,1.6094379124341003,0.000125998192541911
136,erp,2,7.828707871765765e-05,1.6094379124341003,0.000125998192541911
514,ecoles,2,7.828707871765765e-05,1.6094379124341003,0.000125998192541911
114,perspectives,2,7.828707871765765e-05,1.6094379124341003,0.000125998192541911
238,couvre,2,7.828707871765765e-05,1.6094379124341003,0.000125998192541911
118,full,2,7.828707871765765e-05,1.6094379124341003,0.000125998192541911
3,map,2,7.828707871765765e-05,1.6094379124341003,0.000125998192541911
119,ensemble,2,7.828707871765765e-05,1.6094379124341003,0.000125998192541911
244,localisation,2,7.828707871765765e-05,1.6094379124341003,0.000125998192541911
2,tests,2,7.828707871765765e-05,1.6094379124341003,0.000125998192541911
497,concrets,2,7.828707871765765e-05,1.6094379124341003,0.000125998192541911
553,cabinet,2,7.828707871765765e-05,1.6094379124341003,0.000125998192541911
588,type,2,7.828707871765765e-05,1.6094379124341003,0.000125998192541911
102,stages,2,7.828707871765765e-05,1.6094379124341003,0.000125998192541911
587,ios,2,7.828707871765765e-05,1.6094379124341003,0.000125998192541911
585,rapprochement,2,7.828707871765765e-05,1.6094379124341003,0.000125998192541911
580,consultants,2,7.828707871765765e-05,1.6094379124341003,0.000125998192541911
576,instances,2,7.828707871765765e-05,1.6094379124341003,0.000125998192541911
574,savoir,2,7.828707871765765e-05,1.6094379124341003,0.000125998192541911
635,dimension,2,7.828707871765765e-05,1.6094379124341003,0.000125998192541911
478,puppet,2,7.828707871765765e-05,1.6094379124341003,0.000125998192541911
101,toute,2,7.828707871765765e-05,1.6094379124341003,0.000125998192541911
104,suivants,2,7.828707871765765e-05,1.6094379124341003,0.000125998192541911
493,grandes,2,7.828707871765765e-05,1.6094379124341003,0.000125998192541911
562,complété,2,7.828707871765765e-05,1.6094379124341003,0.000125998192541911
485,bac,2,7.828707871765765e-05,1.6094379124341003,0.000125998192541911
486,synthèse,2,7.828707871765765e-05,1.6094379124341003,0.000125998192541911
139,définition,2,7.828707871765765e-05,1.6094379124341003,0.000125998192541911
489,finance,2,7.828707871765765e-05,1.6094379124341003,0.000125998192541911
490,graylog2,2,7.828707871765765e-05,1.6094379124341003,0.000125998192541911
258,esprit,2,7.828707871765765e-05,1.6094379124341003,0.000125998192541911
789,réalité,2,7.828707871765765e-05,1.6094379124341003,0.000125998192541911
762,récentes,2,7.828707871765765e-05,1.6094379124341003,0.000125998192541911
726,croissance,2,7.828707871765765e-05,1.6094379124341003,0.000125998192541911
34,activités,2,7.828707871765765e-05,1.6094379124341003,0.000125998192541911
52,industrialisation,2,7.828707871765765e-05,1.6094379124341003,0.000125998192541911
192,assistance,2,7.828707871765765e-05,1.6094379124341003,0.000125998192541911
356,project,2,7.828707871765765e-05,1.6094379124341003,0.000125998192541911
360,strategy,2,7.828707871765765e-05,1.6094379124341003,0.000125998192541911
688,cdi,2,7.828707871765765e-05,1.6094379124341003,0.000125998192541911
362,valuer,2,7.828707871765765e-05,1.6094379124341003,0.000125998192541911
687,agira,2,7.828707871765765e-05,1.6094379124341003,0.000125998192541911
29,ean13,2,7.828707871765765e-05,1.6094379124341003,0.000125998192541911
186,graphite,2,7.828707871765765e-05,1.6094379124341003,0.000125998192541911
682,indéterminé,2,7.828707871765765e-05,1.6094379124341003,0.000125998192541911
744,nécessaires,2,7.828707871765765e-05,1.6094379124341003,0.000125998192541911
184,montage,2,7.828707871765765e-05,1.6094379124341003,0.000125998192541911
72,citées,2,7.828707871765765e-05,1.6094379124341003,0.000125998192541911
298,css,2,7.828707871765765e-05,1.6094379124341003,0.000125998192541911
297,logstash,2,7.828707871765765e-05,1.6094379124341003,0.000125998192541911
296,cliente,2,7.828707871765765e-05,1.6094379124341003,0.000125998192541911
376,méthodes,2,7.828707871765765e-05,1.6094379124341003,0.000125998192541911
676,compléter,2,7.828707871765765e-05,1.6094379124341003,0.000125998192541911
378,mettre,2,7.828707871765765e-05,1.6094379124341003,0.000125998192541911
696,associées,2,7.828707871765765e-05,1.6094379124341003,0.000125998192541911
193,nextgen,2,7.828707871765765e-05,1.6094379124341003,0.000125998192541911
351,démontrer,2,7.828707871765765e-05,1.6094379124341003,0.000125998192541911
304,innovation,2,7.828707871765765e-05,1.6094379124341003,0.000125998192541911
320,outillage,2,7.828707871765765e-05,1.6094379124341003,0.000125998192541911
316,domaines,2,7.828707871765765e-05,1.6094379124341003,0.000125998192541911
211,modeling,2,7.828707871765765e-05,1.6094379124341003,0.000125998192541911
325,maven,2,7.828707871765765e-05,1.6094379124341003,0.000125998192541911
206,neutre,2,7.828707871765765e-05,1.6094379124341003,0.000125998192541911
718,régimes,2,7.828707871765765e-05,1.6094379124341003,0.000125998192541911
330,second,2,7.828707871765765e-05,1.6094379124341003,0.000125998192541911
331,compétences,2,7.828707871765765e-05,1.6094379124341003,0.000125998192541911
311,clients,2,7.828707871765765e-05,1.6094379124341003,0.000125998192541911
716,vagrant,2,7.828707871765765e-05,1.6094379124341003,0.000125998192541911
306,marché,2,7.828707871765765e-05,1.6094379124341003,0.000125998192541911
199,recette,2,7.828707871765765e-05,1.6094379124341003,0.000125998192541911
342,développer,2,7.828707871765765e-05,1.6094379124341003,0.000125998192541911
198,neo4j,2,7.828707871765765e-05,1.6094379124341003,0.000125998192541911
48,description,2,7.828707871765765e-05,1.6094379124341003,0.000125998192541911
305,relationnel,2,7.828707871765765e-05,1.6094379124341003,0.000125998192541911
196,ccmsa,2,7.828707871765765e-05,1.6094379124341003,0.000125998192541911
379,plateformes,2,7.828707871765765e-05,1.6094379124341003,0.000125998192541911
679,documentation,2,7.828707871765765e-05,1.6094379124341003,0.000125998192541911
638,jeune,2,7.828707871765765e-05,1.6094379124341003,0.000125998192541911
397,reduce,2,7.828707871765765e-05,1.6094379124341003,0.000125998192541911
647,poste,2,7.828707871765765e-05,1.6094379124341003,0.000125998192541911
761,enabled,2,7.828707871765765e-05,1.6094379124341003,0.000125998192541911
68,accélérer,2,7.828707871765765e-05,1.6094379124341003,0.000125998192541911
410,précédents,2,7.828707871765765e-05,1.6094379124341003,0.000125998192541911
18,attestation,2,7.828707871765765e-05,1.6094379124341003,0.000125998192541911
170,accroître,2,7.828707871765765e-05,1.6094379124341003,0.000125998192541911
667,docker,2,7.828707871765765e-05,1.6094379124341003,0.000125998192541911
67,financières,2,7.828707871765765e-05,1.6094379124341003,0.000125998192541911
751,conseiller,2,7.828707871765765e-05,1.6094379124341003,0.000125998192541911
651,amélioration,2,7.828707871765765e-05,1.6094379124341003,0.000125998192541911
173,chef,2,7.828707871765765e-05,1.6094379124341003,0.000125998192541911
69,publiques,2,7.828707871765765e-05,1.6094379124341003,0.000125998192541911
175,proof,2,7.828707871765765e-05,1.6094379124341003,0.000125998192541911
174,nodejs,2,7.828707871765765e-05,1.6094379124341003,0.000125998192541911
396,troisième,2,7.828707871765765e-05,1.6094379124341003,0.000125998192541911
70,intelligence,2,7.828707871765765e-05,1.6094379124341003,0.000125998192541911
665,ajoutée,2,7.828707871765765e-05,1.6094379124341003,0.000125998192541911
664,générales,2,7.828707871765765e-05,1.6094379124341003,0.000125998192541911
283,plan,2,7.828707871765765e-05,1.6094379124341003,0.000125998192541911
60,déploiement,2,7.828707871765765e-05,1.6094379124341003,0.000125998192541911
177,expérimentation,2,7.828707871765765e-05,1.6094379124341003,0.000125998192541911
393,maîtriser,2,7.828707871765765e-05,1.6094379124341003,0.000125998192541911
392,expérience,2,7.828707871765765e-05,1.6094379124341003,0.000125998192541911
391,augmentée,2,7.828707871765765e-05,1.6094379124341003,0.000125998192541911
293,référentiels,2,7.828707871765765e-05,1.6094379124341003,0.000125998192541911
389,enfin,2,7.828707871765765e-05,1.6094379124341003,0.000125998192541911
734,principes,3,0.00011743061807648648,1.2039728043259361,0.0001413832705592754
760,moteur,3,0.00011743061807648648,1.2039728043259361,0.0001413832705592754
624,curieux,3,0.00011743061807648648,1.2039728043259361,0.0001413832705592754
113,place,3,0.00011743061807648648,1.2039728043259361,0.0001413832705592754
627,cassandra,3,0.00011743061807648648,1.2039728043259361,0.0001413832705592754
625,utilisateurs,3,0.00011743061807648648,1.2039728043259361,0.0001413832705592754
644,logs,3,0.00011743061807648648,1.2039728043259361,0.0001413832705592754
723,plusieurs,3,0.00011743061807648648,1.2039728043259361,0.0001413832705592754
546,trois,3,0.00011743061807648648,1.2039728043259361,0.0001413832705592754
117,serveurs,3,0.00011743061807648648,1.2039728043259361,0.0001413832705592754
722,faudra,3,0.00011743061807648648,1.2039728043259361,0.0001413832705592754
43,opérations,3,0.00011743061807648648,1.2039728043259361,0.0001413832705592754
668,qualités,3,0.00011743061807648648,1.2039728043259361,0.0001413832705592754
738,spécifications,3,0.00011743061807648648,1.2039728043259361,0.0001413832705592754
769,moa,3,0.00011743061807648648,1.2039728043259361,0.0001413832705592754
662,nouvelles,3,0.00011743061807648648,1.2039728043259361,0.0001413832705592754
660,métier,3,0.00011743061807648648,1.2039728043259361,0.0001413832705592754
601,département,3,0.00011743061807648648,1.2039728043259361,0.0001413832705592754
658,lecture,3,0.00011743061807648648,1.2039728043259361,0.0001413832705592754
690,portail,3,0.00011743061807648648,1.2039728043259361,0.0001413832705592754
692,applications,3,0.00011743061807648648,1.2039728043259361,0.0001413832705592754
556,voluerez,3,0.00011743061807648648,1.2039728043259361,0.0001413832705592754
693,cadre,3,0.00011743061807648648,1.2039728043259361,0.0001413832705592754
62,passionné,3,0.00011743061807648648,1.2039728043259361,0.0001413832705592754
697,audit,3,0.00011743061807648648,1.2039728043259361,0.0001413832705592754
790,environnements,3,0.00011743061807648648,1.2039728043259361,0.0001413832705592754
704,implémentation,3,0.00011743061807648648,1.2039728043259361,0.0001413832705592754
756,privé,3,0.00011743061807648648,1.2039728043259361,0.0001413832705592754
46,homenetworking,3,0.00011743061807648648,1.2039728043259361,0.0001413832705592754
81,mongodb,3,0.00011743061807648648,1.2039728043259361,0.0001413832705592754
107,différents,3,0.00011743061807648648,1.2039728043259361,0.0001413832705592754
125,montée,3,0.00011743061807648648,1.2039728043259361,0.0001413832705592754
447,mode,3,0.00011743061807648648,1.2039728043259361,0.0001413832705592754
128,régime,3,0.00011743061807648648,1.2039728043259361,0.0001413832705592754
207,vidéo,3,0.00011743061807648648,1.2039728043259361,0.0001413832705592754
471,afin,3,0.00011743061807648648,1.2039728043259361,0.0001413832705592754
205,premier,3,0.00011743061807648648,1.2039728043259361,0.0001413832705592754
469,tudes,3,0.00011743061807648648,1.2039728043259361,0.0001413832705592754
138,organisation,3,0.00011743061807648648,1.2039728043259361,0.0001413832705592754
456,performances,3,0.00011743061807648648,1.2039728043259361,0.0001413832705592754
152,travers,3,0.00011743061807648648,1.2039728043259361,0.0001413832705592754
494,ligne,3,0.00011743061807648648,1.2039728043259361,0.0001413832705592754
277,expertise,3,0.00011743061807648648,1.2039728043259361,0.0001413832705592754
270,activité,3,0.00011743061807648648,1.2039728043259361,0.0001413832705592754
269,mener,3,0.00011743061807648648,1.2039728043259361,0.0001413832705592754
308,lors,3,0.00011743061807648648,1.2039728043259361,0.0001413832705592754
310,entité,3,0.00011743061807648648,1.2039728043259361,0.0001413832705592754
176,hat,3,0.00011743061807648648,1.2039728043259361,0.0001413832705592754
158,france,3,0.00011743061807648648,1.2039728043259361,0.0001413832705592754
385,mondial,3,0.00011743061807648648,1.2039728043259361,0.0001413832705592754
386,code,3,0.00011743061807648648,1.2039728043259361,0.0001413832705592754
256,fonctionnalité,3,0.00011743061807648648,1.2039728043259361,0.0001413832705592754
432,travailler,3,0.00011743061807648648,1.2039728043259361,0.0001413832705592754
1,notamment,3,0.00011743061807648648,1.2039728043259361,0.0001413832705592754
522,objectif,3,0.00011743061807648648,1.2039728043259361,0.0001413832705592754
335,systèmes,4,0.0001565741574353153,0.9162907318741551,0.00014346744930898424
728,javascript,4,0.0001565741574353153,0.9162907318741551,0.00014346744930898424
319,projets,4,0.0001565741574353153,0.9162907318741551,0.00014346744930898424
636,transformation,4,0.0001565741574353153,0.9162907318741551,0.00014346744930898424
645,serveur,4,0.0001565741574353153,0.9162907318741551,0.00014346744930898424
426,tend,4,0.0001565741574353153,0.9162907318741551,0.00014346744930898424
629,missions,4,0.0001565741574353153,0.9162907318741551,0.00014346744930898424
468,business,4,0.0001565741574353153,0.9162907318741551,0.00014346744930898424
681,fonctionnelles,4,0.0001565741574353153,0.9162907318741551,0.00014346744930898424
337,utilisateur,4,0.0001565741574353153,0.9162907318741551,0.00014346744930898424
672,produits,4,0.0001565741574353153,0.9162907318741551,0.00014346744930898424
701,identifier,4,0.0001565741574353153,0.9162907318741551,0.00014346744930898424
449,nosql,4,0.0001565741574353153,0.9162907318741551,0.00014346744930898424
433,aide,4,0.0001565741574353153,0.9162907318741551,0.00014346744930898424
195,recherche,4,0.0001565741574353153,0.9162907318741551,0.00014346744930898424
684,moe,4,0.0001565741574353153,0.9162907318741551,0.00014346744930898424
443,scrum,4,0.0001565741574353153,0.9162907318741551,0.00014346744930898424
400,navigateur,4,0.0001565741574353153,0.9162907318741551,0.00014346744930898424
581,données,4,0.0001565741574353153,0.9162907318741551,0.00014346744930898424
420,formations,4,0.0001565741574353153,0.9162907318741551,0.00014346744930898424
7,sociale,4,0.0001565741574353153,0.9162907318741551,0.00014346744930898424
775,bases,4,0.0001565741574353153,0.9162907318741551,0.00014346744930898424
285,nouvelle,4,0.0001565741574353153,0.9162907318741551,0.00014346744930898424
777,agricole,4,0.0001565741574353153,0.9162907318741551,0.00014346744930898424
228,kpmg,4,0.0001565741574353153,0.9162907318741551,0.00014346744930898424
127,microsoft,4,0.0001565741574353153,0.9162907318741551,0.00014346744930898424
757,architecte,4,0.0001565741574353153,0.9162907318741551,0.00014346744930898424
484,principales,4,0.0001565741574353153,0.9162907318741551,0.00014346744930898424
540,existante,4,0.0001565741574353153,0.9162907318741551,0.00014346744930898424
108,rédaction,4,0.0001565741574353153,0.9162907318741551,0.00014346744930898424
483,network,4,0.0001565741574353153,0.9162907318741551,0.00014346744930898424
754,virtualisation,4,0.0001565741574353153,0.9162907318741551,0.00014346744930898424
271,interface,4,0.0001565741574353153,0.9162907318741551,0.00014346744930898424
218,wan,4,0.0001565741574353153,0.9162907318741551,0.00014346744930898424
243,open,4,0.0001565741574353153,0.9162907318741551,0.00014346744930898424
794,idéalement,4,0.0001565741574353153,0.9162907318741551,0.00014346744930898424
246,hybride,4,0.0001565741574353153,0.9162907318741551,0.00014346744930898424
289,msa,4,0.0001565741574353153,0.9162907318741551,0.00014346744930898424
531,computing,4,0.0001565741574353153,0.9162907318741551,0.00014346744930898424
257,capacité,5,0.00019571769679414412,0.6931471805599453,0.00013566116971854724
781,réaliser,5,0.00019571769679414412,0.6931471805599453,0.00013566116971854724
419,première,5,0.00019571769679414412,0.6931471805599453,0.00013566116971854724
245,azure,5,0.00019571769679414412,0.6931471805599453,0.00013566116971854724
364,maîtrise,5,0.00019571769679414412,0.6931471805599453,0.00013566116971854724
367,pôle,5,0.00019571769679414412,0.6931471805599453,0.00013566116971854724
56,protection,5,0.00019571769679414412,0.6931471805599453,0.00013566116971854724
428,assurer,5,0.00019571769679414412,0.6931471805599453,0.00013566116971854724
796,réseaux,5,0.00019571769679414412,0.6931471805599453,0.00013566116971854724
783,entreprises,5,0.00019571769679414412,0.6931471805599453,0.00013566116971854724
382,produit,5,0.00019571769679414412,0.6931471805599453,0.00013566116971854724
435,html5,5,0.00019571769679414412,0.6931471805599453,0.00013566116971854724
179,data,5,0.00019571769679414412,0.6931471805599453,0.00013566116971854724
785,advisory,5,0.00019571769679414412,0.6931471805599453,0.00013566116971854724
153,intégré,5,0.00019571769679414412,0.6931471805599453,0.00013566116971854724
154,red,5,0.00019571769679414412,0.6931471805599453,0.00013566116971854724
40,temps,5,0.00019571769679414412,0.6931471805599453,0.00013566116971854724
583,delà,5,0.00019571769679414412,0.6931471805599453,0.00013566116971854724
561,réalisation,5,0.00019571769679414412,0.6931471805599453,0.00013566116971854724
143,bonnes,5,0.00019571769679414412,0.6931471805599453,0.00013566116971854724
96,différentes,5,0.00019571769679414412,0.6931471805599453,0.00013566116971854724
214,compétence,5,0.00019571769679414412,0.6931471805599453,0.00013566116971854724
41,grande,5,0.00019571769679414412,0.6931471805599453,0.00013566116971854724
557,client,5,0.00019571769679414412,0.6931471805599453,0.00013566116971854724
201,sdn,5,0.00019571769679414412,0.6931471805599453,0.00013566116971854724
90,charge,5,0.00019571769679414412,0.6931471805599453,0.00013566116971854724
284,publique,5,0.00019571769679414412,0.6931471805599453,0.00013566116971854724
94,consistera,5,0.00019571769679414412,0.6931471805599453,0.00013566116971854724
416,encadré,6,0.00023486123615297296,0.5108256237659907,0.00011997313745629407
725,existant,6,0.00023486123615297296,0.5108256237659907,0.00011997313745629407
171,vers,6,0.00023486123615297296,0.5108256237659907,0.00011997313745629407
745,travail,6,0.00023486123615297296,0.5108256237659907,0.00011997313745629407
144,veille,6,0.00023486123615297296,0.5108256237659907,0.00011997313745629407
301,intégration,6,0.00023486123615297296,0.5108256237659907,0.00011997313745629407
384,poc,6,0.00023486123615297296,0.5108256237659907,0.00011997313745629407
719,intégrer,6,0.00023486123615297296,0.5108256237659907,0.00011997313745629407
146,hébergement,6,0.00023486123615297296,0.5108256237659907,0.00011997313745629407
334,ipv6,6,0.00023486123615297296,0.5108256237659907,0.00011997313745629407
442,html,6,0.00023486123615297296,0.5108256237659907,0.00011997313745629407
702,concept,6,0.00023486123615297296,0.5108256237659907,0.00011997313745629407
457,outils,6,0.00023486123615297296,0.5108256237659907,0.00011997313745629407
740,fonctionnel,6,0.00023486123615297296,0.5108256237659907,0.00011997313745629407
287,linux,7,0.0002740047755118018,0.3566749439387324,9.773063794461687e-05
295,test,7,0.0002740047755118018,0.3566749439387324,9.773063794461687e-05
732,méthodique,7,0.0002740047755118018,0.3566749439387324,9.773063794461687e-05
28,sur,7,0.0002740047755118018,0.3566749439387324,9.773063794461687e-05
59,domaine,7,0.0002740047755118018,0.3566749439387324,9.773063794461687e-05
622,base,7,0.0002740047755118018,0.3566749439387324,9.773063794461687e-05
47,techniques,8,0.0003131483148706306,0.22314355131420976,6.987702706829287e-05
434,infrastructure,8,0.0003131483148706306,0.22314355131420976,6.987702706829287e-05
27,directions,8,0.0003131483148706306,0.22314355131420976,6.987702706829287e-05
16,analyse,8,0.0003131483148706306,0.22314355131420976,6.987702706829287e-05
787,briques,8,0.0003131483148706306,0.22314355131420976,6.987702706829287e-05
577,gestion,9,0.00035229185422945943,0.10536051565782635,3.7117651423667636e-05
473,performance,9,0.00035229185422945943,0.10536051565782635,3.7117651423667636e-05
300,information,9,0.00035229185422945943,0.10536051565782635,3.7117651423667636e-05
267,oeuvre,9,0.00035229185422945943,0.10536051565782635,3.7117651423667636e-05
80,sein,9,0.00035229185422945943,0.10536051565782635,3.7117651423667636e-05
264,déroulera,9,0.00035229185422945943,0.10536051565782635,3.7117651423667636e-05
339,connaissances,9,0.00035229185422945943,0.10536051565782635,3.7117651423667636e-05
560,bonne,9,0.00035229185422945943,0.10536051565782635,3.7117651423667636e-05
512,mises,9,0.00035229185422945943,0.10536051565782635,3.7117651423667636e-05
492,cas,9,0.00035229185422945943,0.10536051565782635,3.7117651423667636e-05
463,stagiairesstage,9,0.00035229185422945943,0.10536051565782635,3.7117651423667636e-05
368,windows,9,0.00035229185422945943,0.10536051565782635,3.7117651423667636e-05
281,plateforme,9,0.00035229185422945943,0.10536051565782635,3.7117651423667636e-05
508,mission,9,0.00035229185422945943,0.10536051565782635,3.7117651423667636e-05
498,tapes,9,0.00035229185422945943,0.10536051565782635,3.7117651423667636e-05
45,brique,9,0.00035229185422945943,0.10536051565782635,3.7117651423667636e-05
461,proximité,10,0.00039143539358828824,0.0,0.0
707,label,10,0.00039143539358828824,0.0,0.0
591,cœur,10,0.00039143539358828824,0.0,0.0
450,taille,10,0.00039143539358828824,0.0,0.0
699,valeurs,10,0.00039143539358828824,0.0,0.0
695,humaine,10,0.00039143539358828824,0.0,0.0
691,communication,10,0.00039143539358828824,0.0,0.0
689,interdite,10,0.00039143539358828824,0.0,0.0
541,possible,10,0.00039143539358828824,0.0,0.0
527,ecole,10,0.00039143539358828824,0.0,0.0
637,obtenu,10,0.00039143539358828824,0.0,0.0
141,autonome,10,0.00039143539358828824,0.0,0.0
279,reposant,10,0.00039143539358828824,0.0,0.0
763,rémunéré,10,0.00039143539358828824,0.0,0.0
282,prévoit,10,0.00039143539358828824,0.0,0.0
555,internet,10,0.00039143539358828824,0.0,0.0
286,connaissance,10,0.00039143539358828824,0.0,0.0
19,une,10,0.00039143539358828824,0.0,0.0
142,recruter,10,0.00039143539358828824,0.0,0.0
327,située,10,0.00039143539358828824,0.0,0.0
571,industrie,10,0.00039143539358828824,0.0,0.0
737,structurée,10,0.00039143539358828824,0.0,0.0
736,fondée,10,0.00039143539358828824,0.0,0.0
537,quipe,10,0.00039143539358828824,0.0,0.0
472,propriété,10,0.00039143539358828824,0.0,0.0
322,exclusive,10,0.00039143539358828824,0.0,0.0
363,télécoms,10,0.00039143539358828824,0.0,0.0
346,secteurs,10,0.00039143539358828824,0.0,0.0
525,société,10,0.00039143539358828824,0.0,0.0
75,pourvoir,10,0.00039143539358828824,0.0,0.0
671,happy,10,0.00039143539358828824,0.0,0.0
673,accueil,10,0.00039143539358828824,0.0,0.0
438,solutions,10,0.00039143539358828824,0.0,0.0
430,sauf,10,0.00039143539358828824,0.0,0.0
61,atalante,10,0.00039143539358828824,0.0,0.0
79,reproduction,10,0.00039143539358828824,0.0,0.0
374,ingénieurs,10,0.00039143539358828824,0.0,0.0
401,agences,10,0.00039143539358828824,0.0,0.0
444,www,10,0.00039143539358828824,0.0,0.0
425,technopole,10,0.00039143539358828824,0.0,0.0
372,confiance,10,0.00039143539358828824,0.0,0.0
418,réussite,10,0.00039143539358828824,0.0,0.0
529,trainees,10,0.00039143539358828824,0.0,0.0
623,drh,10,0.00039143539358828824,0.0,0.0
82,services,10,0.00039143539358828824,0.0,0.0
164,autorisation,10,0.00039143539358828824,0.0,0.0
683,adresser,10,0.00039143539358828824,0.0,0.0
422,répondre,10,0.00039143539358828824,0.0,0.0
530,crite,10,0.00039143539358828824,0.0,0.0
313,exigences,11,0.00043057893294711706,-0.0953101798043249,-4.103855551914408e-05
31,exp,11,0.00043057893294711706,-0.0953101798043249,-4.103855551914408e-05
475,postuler,11,0.00043057893294711706,-0.0953101798043249,-4.103855551914408e-05
307,ouest,11,0.00043057893294711706,-0.0953101798043249,-4.103855551914408e-05
407,ingénieur,11,0.00043057893294711706,-0.0953101798043249,-4.103855551914408e-05
405,tant,11,0.00043057893294711706,-0.0953101798043249,-4.103855551914408e-05
21,mise,11,0.00043057893294711706,-0.0953101798043249,-4.103855551914408e-05
95,préalable,11,0.00043057893294711706,-0.0953101798043249,-4.103855551914408e-05
778,art,11,0.00043057893294711706,-0.0953101798043249,-4.103855551914408e-05
648,collaborateurs,11,0.00043057893294711706,-0.0953101798043249,-4.103855551914408e-05
558,déjà,11,0.00043057893294711706,-0.0953101798043249,-4.103855551914408e-05
412,proposition,11,0.00043057893294711706,-0.0953101798043249,-4.103855551914408e-05
759,culture,11,0.00043057893294711706,-0.0953101798043249,-4.103855551914408e-05
73,candidature,11,0.00043057893294711706,-0.0953101798043249,-4.103855551914408e-05
210,merci,11,0.00043057893294711706,-0.0953101798043249,-4.103855551914408e-05
496,approche,11,0.00043057893294711706,-0.0953101798043249,-4.103855551914408e-05
584,pouvez,11,0.00043057893294711706,-0.0953101798043249,-4.103855551914408e-05
180,définir,11,0.00043057893294711706,-0.0953101798043249,-4.103855551914408e-05
361,adresse,11,0.00043057893294711706,-0.0953101798043249,-4.103855551914408e-05
197,télécom,11,0.00043057893294711706,-0.0953101798043249,-4.103855551914408e-05
592,accompagnement,11,0.00043057893294711706,-0.0953101798043249,-4.103855551914408e-05
345,java,11,0.00043057893294711706,-0.0953101798043249,-4.103855551914408e-05
464,production,11,0.00043057893294711706,-0.0953101798043249,-4.103855551914408e-05
161,forte,12,0.0004697224723059459,-0.1823215567939546,-8.564053241192528e-05
595,management,12,0.0004697224723059459,-0.1823215567939546,-8.564053241192528e-05
353,offre,12,0.0004697224723059459,-0.1823215567939546,-8.564053241192528e-05
482,durée,12,0.0004697224723059459,-0.1823215567939546,-8.564053241192528e-05
675,souhaitez,12,0.0004697224723059459,-0.1823215567939546,-8.564053241192528e-05
291,souhaitée,12,0.0004697224723059459,-0.1823215567939546,-8.564053241192528e-05
528,document,12,0.0004697224723059459,-0.1823215567939546,-8.564053241192528e-05
654,compte,12,0.0004697224723059459,-0.1823215567939546,-8.564053241192528e-05
446,projet,12,0.0004697224723059459,-0.1823215567939546,-8.564053241192528e-05
712,master,12,0.0004697224723059459,-0.1823215567939546,-8.564053241192528e-05
657,système,12,0.0004697224723059459,-0.1823215567939546,-8.564053241192528e-05
381,recrute,12,0.0004697224723059459,-0.1823215567939546,-8.564053241192528e-05
575,dresser,12,0.0004697224723059459,-0.1823215567939546,-8.564053241192528e-05
336,profil,12,0.0004697224723059459,-0.1823215567939546,-8.564053241192528e-05
55,environnement,13,0.0005088660116647747,-0.262364264467491,-0.0001335082568629343
130,accompagne,13,0.0005088660116647747,-0.262364264467491,-0.0001335082568629343
431,usage,13,0.0005088660116647747,-0.262364264467491,-0.0001335082568629343
190,qualité,13,0.0005088660116647747,-0.262364264467491,-0.0001335082568629343
417,informatique,13,0.0005088660116647747,-0.262364264467491,-0.0001335082568629343
669,etude,13,0.0005088660116647747,-0.262364264467491,-0.0001335082568629343
100,galement,13,0.0005088660116647747,-0.262364264467491,-0.0001335082568629343
234,candidat,13,0.0005088660116647747,-0.262364264467491,-0.0001335082568629343
93,contexte,14,0.0005480095510236036,-0.3364722366212129,-0.0001843899993226986
189,uvre,14,0.0005480095510236036,-0.3364722366212129,-0.0001843899993226986
103,service,14,0.0005480095510236036,-0.3364722366212129,-0.0001843899993226986
20,cloud,14,0.0005480095510236036,-0.3364722366212129,-0.0001843899993226986
470,technique,14,0.0005480095510236036,-0.3364722366212129,-0.0001843899993226986
65,conseil,15,0.0005871530903824324,-0.40546510810816444,-0.00023807009126795581
242,application,15,0.0005871530903824324,-0.40546510810816444,-0.00023807009126795581
700,utilisation,16,0.0006262966297412612,-0.4700036292457356,-0.00029436168896276546
261,recherchons,17,0.00066544016910009,-0.5306282510621704,-0.0003531013531160957
145,ans,17,0.00066544016910009,-0.5306282510621704,-0.0003531013531160957
641,entreprise,17,0.00066544016910009,-0.5306282510621704,-0.0003531013531160957
290,autour,17,0.00066544016910009,-0.5306282510621704,-0.0003531013531160957
380,lan,17,0.00066544016910009,-0.5306282510621704,-0.0003531013531160957
109,réseau,19,0.0007437272478177477,-0.6418538861723948,-0.0004773642242641211
24,fonction,19,0.0007437272478177477,-0.6418538861723948,-0.0004773642242641211
115,solution,20,0.0007828707871765765,-0.6931471805599453,-0.000542644678874189
518,site,20,0.0007828707871765765,-0.6931471805599453,-0.000542644678874189
788,développement,20,0.0007828707871765765,-0.6931471805599453,-0.000542644678874189
204,web,20,0.0007828707871765765,-0.6931471805599453,-0.000542644678874189
191,agence,20,0.0007828707871765765,-0.6931471805599453,-0.000542644678874189
620,groupe,20,0.0007828707871765765,-0.6931471805599453,-0.000542644678874189
185,interne,20,0.0007828707871765765,-0.6931471805599453,-0.000542644678874189
163,entre,21,0.0008220143265354053,-0.7419373447293773,-0.0006098831267591859
222,souhaité,22,0.0008611578658942341,-0.7884573603642702,-0.000678986257799896
607,rennes,23,0.0009003014052530629,-0.832909122935104,-0.0007498692538265702
567,mis,24,0.0009394449446118919,-0.8754687373538999,-0.0008224546794728773
388,formation,25,0.0009785884839707206,-0.916290731874155,-0.0008966715581811513
519,cole,27,0.0010568755626883782,-0.9932517730102834,-0.0010497435264914725
735,technologies,28,0.0010960191020472072,-1.0296194171811581,-0.0011284825490692617
50,stagiaire,28,0.0010960191020472072,-1.0296194171811581,-0.0011284825490692617
343,technologie,30,0.0011743061807648648,-1.0986122886681098,-0.0012901072008471952
445,fin,33,0.0012917367988413513,-1.1939224684724346,-0.0015422335874893467
377,lab,34,0.00133088033820018,-1.2237754316221157,-0.0016286986603183127
502,fr,39,0.0015265980349943242,-1.3609765531356008,-0.0020776641316901565
516,tude,39,0.0015265980349943242,-1.3609765531356008,-0.0020776641316901565
501,ip,39,0.0015265980349943242,-1.3609765531356008,-0.0020776641316901565
317,inter,39,0.0015265980349943242,-1.3609765531356008,-0.0020776641316901565
268,plus,48,0.0018788898892237837,-1.5686159179138452,-0.0029472565882438084
404,un,52,0.0020354640466590987,-1.6486586255873816,-0.0033557853575975198
254,stage,56,0.0021920382040944144,-1.7227665977411035,-0.003776370198986253
633,et,64,0.002505186518965045,-1.8562979903656263,-0.004650372700645872
237,com,77,0.0030140525306298197,-2.0412203288596382,-0.006152345297772426
594,sii,81,0.003170626688065135,-2.0918640616783932,-0.006632520021761845
568,ou,159,0.006223822758053783,-2.7663191092261856,-0.017217079828041004
773,it,192,0.007515559556895135,-2.9549102790337356,-0.02220780418735966
220,le,196,0.00767213371433045,-2.9755295662364714,-0.02282866070310989
767,in,261,0.010216463772654323,-3.261935314328648,-0.03332544396758042
12,re,330,0.012917367988413512,-3.4965075614664802,-0.0451656748457329
